method,test_set,average_cost
ACO(LS)(T=2),TSPLIB100,8.494874954223633
ACO(LS)(T=10),TSPLIB100,8.378503799438477
DeepACO(LS)(T=2),TSPLIB100,8.32490062713623
DeepACO(LS)(T=10),TSPLIB100,8.238510131835938
DeepACO(NLS)(T=2),TSPLIB100,8.285407066345215
DeepACO(NLS)(T=10),TSPLIB100,8.221202850341797
Greedy,TSPLIB100,10.27803460357245
Genetic(T=100),TSPLIB100,263.1759033203125
